game_id,timestamp,experiment
d792389f-62b1-45a3-9450-ccaa2fd73ede,1768369782899,2026-staff-standard
be3b2181-e79d-49f0-940c-3f99f3a0b727,1768421660334,2026-oss-v-sonnet-standard
1d38716a-92b7-41a3-b6b5-15cd94a74f8d,1768440595008,2026-oss-v-sonnet-standard
0123e256-4108-4e1c-b43c-94e3d6e0d939,1768462841661,2026-oss-v-sonnet-standard
4e5fcf1e-a686-4193-914b-bdd6ed6c6fe2,1768466075875,2026-oss-v-sonnet-standard
115cc80f-7c1d-4222-a840-e65e9ab6c6cc,1768469155288,2026-oss-v-sonnet-standard
2bb13ba5-b953-49e9-b4c5-1bd88cc422aa,1768476433988,2026-staff-standard
ff96bdd3-fc22-4005-9b56-67e9bad2b20b,1768492740586,2026-oss-v-sonnet-standard
ff11198e-eac8-4f33-80bd-a7b2ca975dc0,1768495879528,2026-staff-standard
b22fa408-d461-4123-bf25-d9133d075064,1768504179970,2026-staff-standard
f4036fdb-35a9-4a66-9e12-68a97394b991,1768508567660,2026-staff-standard
0ba8fd36-5757-4616-b85b-e33f9a0b8152,1768514393447,2026-oss-v-sonnet-standard
d09c8add-eebf-4312-a54b-3652895e10a1,1768526254232,2026-oss-v-sonnet-standard
6e8a9b9c-a8b5-44d2-a4c7-595f9a230a78,1768528136799,2026-oss-v-sonnet-standard
cc7f40e1-3cd3-461a-860d-88364e73f4f6,1768536598348,2026-oss-v-sonnet-standard
2c5230ef-b874-4e9b-8a90-b5b22835fd88,1768537160616,2026-oss-v-sonnet-standard
958613c0-b188-4a57-813e-028a5828a6a9,1768537907977,2026-oss-v-sonnet-standard
15fe1b8d-8a28-4ec2-aee4-cb1e49927b42,1768541573406,2026-oss-v-sonnet-standard
058bb9c7-6826-444f-9e6f-0d14fa2061c4,1768552473727,2026-staff-standard
3fc1314e-9109-4f76-9635-708b1be95f63,1768567070671,2026-glm-v-sonnet-standard
593383bc-3b9a-4c28-bfc6-09ab9e9d7a33,1768569789135,2026-oss-v-sonnet-standard
e305c759-a472-4216-87de-fe40ec800a0a,1768600964856,observe-vanilla-standard
170c2905-e291-49c5-a0e9-b3c2396d2245,1768610832423,observe-vanilla-standard
de79c24f-db5f-436d-a2d9-d71af619c872,1768622466326,observe-vanilla-standard
3351a065-0620-472d-93d6-a2adf9a11632,1768631633550,observe-vanilla-standard
707d1e8d-5947-41b5-a3d7-a40b038bbe60,1768632587494,2026-glm-v-sonnet-standard
e909600d-d277-4a1a-836f-f72f77932fc8,1768636498538,2026-glm-v-sonnet-standard
49a39e6f-bc8e-4bee-b5c5-701964b05e38,1768636974889,2026-staff-standard
b56efb28-a34e-462c-a75a-c062366b51da,1768637704241,2026-staff-standard
2bd9f63b-481b-4ba7-9dca-b424f1337b67,1768638998817,2026-staff-standard
8df6d151-e804-476a-99cb-91a998e477b6,1768641844024,observe-vanilla-standard
b1863455-c479-4a4c-8379-0233d172b386,1768652698669,observe-vanilla-standard
b4b66efc-0fe0-441f-828d-6c5081c96e53,1768654017428,observe-vanilla-standard
f0998e28-d16f-4294-aa10-0886bf51fe79,1768655641855,2026-oss-v-glm-standard
391d739b-4401-4230-8287-0b7619626be1,1768656338501,observe-vanilla-standard
0deca041-a6df-4c1b-8789-f8562e0ca736,1768657258255,observe-vanilla-standard
bc851256-3fc3-4731-bbbd-504076fe4e2d,1768661849795,observe-vanilla-standard
a5fe488d-11e2-4047-b096-ab38fa6dad69,1768662166216,2026-oss-v-glm-standard
0fdfc1a5-9e47-49ec-b704-7e006339a705,1768662847711,observe-vanilla-standard
bdde8cdd-7241-4e68-b443-b2c1a5cd63b7,1768666124915,2026-glm-v-sonnet-standard
384a9907-2285-4746-ac30-9b694fc3099e,1768670361520,observe-vanilla-standard
f1912d1c-df92-4727-8682-25284a55cc6e,1768671568694,2026-oss-v-glm-standard
b962b69a-259f-426c-b8a8-c7f4a86888d6,1768673045472,observe-vanilla-standard
68be3e9d-649b-4c55-aca1-87ddc001684f,1768676246382,2026-oss-v-glm-standard
04b9bf5c-9093-435e-a444-c8c3e6b933ca,1768680553065,observe-vanilla-standard
79006ef9-ea19-4a42-aa98-0ad05d7c6d7b,1768680618591,2026-oss-v-glm-standard
fb8058b3-9528-4bf9-8449-01c524884c4f,1768680799933,observe-vanilla-standard
96f64552-aad2-4e38-a475-aa31edfd8fef,1768682620695,2026-oss-v-glm-standard
2d7f04aa-372d-4617-887f-8f5e48d532e3,1768686474671,2026-oss-v-glm-standard
669056a7-ee0d-4372-b813-6644918800ac,1768690458488,observe-vanilla-standard
2d2627ff-2e31-488c-9f61-16898aaa6abb,1768693127791,observe-vanilla-standard
e05add97-026b-4cf5-bcfc-f007d09cc841,1768698442219,observe-vanilla-standard
5c4d4249-1460-4c07-85b2-48dc0cb636d6,1768700502522,2026-staff-standard
69de2b11-6fbe-49b4-ae13-92715e4c897f,1768709981740,observe-vanilla-standard
8dc5a3af-84db-4050-a83f-38e20fad3722,1768713585995,observe-vanilla-standard
911c9bc0-4762-4981-a251-3e0ac1e8e929,1768718194471,2026-oss-v-glm-standard
2dfb48d2-3aeb-46f1-9028-414cbc45cea1,1768719576951,observe-vanilla-standard
f051d432-aab6-4a4e-8c73-4c713fc940ca,1768729952387,observe-vanilla-standard
fa38a19f-f9d9-4dd5-9548-96c261b08170,1768731861425,observe-vanilla-standard
ad3fe643-8ae0-4d69-a3ed-3318c6f542aa,1768738196443,observe-vanilla-standard
12974f30-56a2-42c9-9f88-b88f35337f25,1768740016669,observe-vanilla-standard
1856825e-85fc-410e-a7d8-d782f73284d4,1768745407950,observe-vanilla-standard
53f844bd-96de-459f-9638-4ac671f64dde,1768749062201,observe-vanilla-standard
4863d33c-2a87-4a85-9175-1274ba995fd3,1768750428633,observe-vanilla-standard
e6fd45ee-756a-4fb9-90ec-cf051db11809,1768759506166,observe-vanilla-standard
4092a8f7-c96a-4f60-a4c5-5583dfd9dfb6,1768770706260,observe-vanilla-standard
f2aac1d0-23b9-4c8b-9443-8a5776f99526,1768771638771,2026-oss-v-glm-standard
1d003126-3d48-43b4-8124-5ff9e71ca03f,1768772829063,2026-oss-v-glm-standard
8f64b0fd-4180-4585-92a2-028e04502174,1768774917730,2026-oss-v-glm-standard
19e2e26b-4e46-4b5a-8eae-05d77cfb006a,1768779478088,observe-vanilla-standard
c34e01d2-8ac9-4820-9aed-e5a5f54ef46a,1768781494349,2026-oss-v-glm-standard
8c3824bc-0c0e-42c9-b8a8-2b4a2fa9b3ed,1768781705233,observe-vanilla-standard
10bf7a5f-1ca8-4462-a86e-832f687b09b8,1768782921216,2026-oss-v-glm-standard
f332f626-a99e-4dba-bd48-223031b33cd6,1768783084985,2026-oss-v-glm-standard
843fb202-8b0d-4c93-bccc-7b9772ebdc17,1768785516221,observe-vanilla-standard
c6025a1a-4789-47d4-9ec7-e840dbe4f4de,1768786300905,observe-vanilla-standard
16d82f69-51b5-41f8-87df-d9b65bf32e6d,1768786306233,observe-vanilla-standard
03dd2eed-4657-411a-a7bf-95328dac6db0,1768794715303,observe-vanilla-standard
9651d1b6-33ae-4212-b178-f14dccd8a9e6,1768795272521,2026-oss-v-glm-standard
69b4e01f-0b67-416f-98f6-300731f1c33f,1768805228645,observe-vanilla-standard
442cf5e3-a800-4517-b4aa-f9e1d6faa117,1768805317437,observe-vanilla-standard
25a853d1-c5d0-4735-8ba2-06e67793d21a,1768807474149,2026-oss-v-glm-standard
c9f7455a-8399-4e63-9276-78a578eabc3c,1768810227503,observe-vanilla-standard
049b3c1d-88b2-4ca9-876c-426b943fc521,1768815964791,observe-vanilla-standard
3b2bef7b-a64e-4324-860d-915f8176aa5c,1768826200823,observe-vanilla-standard
c50845bc-be4d-41ad-93d2-cc9c9e38b427,1768838329761,observe-vanilla-standard
b611606a-5ea3-4f57-a740-9c0f66a9455d,1768845862470,observe-vanilla-standard
9fb983aa-a4c2-4f67-9785-66155dea2a17,1768855190478,observe-vanilla-standard
4d560a1f-5842-4ec9-bbff-195c28b0e260,1768855369305,observe-vanilla-standard
32b199f3-fd4a-4bcd-89dc-d8116a5c09fb,1768858235944,2026-oss-v-glm-standard
f483d48f-2318-4173-aa6d-c5e0d077e62d,1768862565866,2026-oss-v-glm-standard
52733687-4985-48fa-a381-dcfc3bb49566,1768864087321,2026-oss-v-glm-standard
3e90cda4-f81b-4057-98d3-ccf723afb091,1768864471329,observe-vanilla-standard
06112fb0-99c8-42a9-a970-21fad4fa9589,1768869623936,2026-oss-v-glm-standard
1b714994-f47d-4c74-a48c-221667418f67,1768875494780,2026-oss-v-glm-standard
b0271dff-f24d-456d-a22c-4a3246558e2b,1768875547744,2026-oss-v-glm-standard
00f7fd19-838b-41fc-9442-bcee8ebaa07d,1768879125954,observe-vanilla-standard
1a8f94a6-8a7d-4d6a-8271-a2d17100de7e,1768882806167,2026-oss-v-glm-standard
ef820bd7-9cd0-48c6-8acb-302111f26f43,1768882942717,observe-vanilla-standard
a260897c-52a6-4fb8-b02a-c10a955153fa,1768888921843,observe-vanilla-standard
3a9b8ad2-5120-4f25-ad6a-b2696732900d,1768894642068,observe-vanilla-standard
db12be89-c56a-4632-8c2e-afba790d7f46,1768896418641,2026-oss-v-glm-standard
5195daad-24c9-43d7-9f88-c8f099f1566a,1768897682307,observe-vanilla-standard
c33d5861-c94f-4743-950a-dd536f548188,1768904835618,observe-vanilla-standard
f38f96bc-e082-421e-a22b-e844b9818979,1768905852503,observe-vanilla-standard
734950ad-4d28-4c5a-bd08-cdebc94e1679,1768911864066,observe-vanilla-standard
427663a7-4b34-4852-af42-d843152a9352,1768916905209,observe-vanilla-standard
56a9a2c1-ade1-4082-813a-b6c9afc62581,1768919163025,2026-oss-v-glm-standard
6b55d775-71c0-482a-83f1-e19d88a6eb3f,1768926724332,observe-vanilla-standard
18475b9e-dff1-4c82-8d38-dfde61409691,1768928805905,observe-vanilla-standard
fa86fa7b-2668-474a-b3da-93751715c539,1768936511240,observe-vanilla-standard
ef6565a2-78ea-4954-8988-6d3257e28990,1768943362462,observe-vanilla-standard
d01d9a4e-de64-4ff8-b406-ef2efa535750,1768949332965,observe-vanilla-standard
2dcb8f8e-dbb1-4c87-b926-bb947a60207c,1768949679786,observe-vanilla-standard
c45dcebd-403d-4d70-a98a-78d5c248aea7,1768954492174,2026-oss-v-glm-standard
e8728f35-a282-40d8-94a6-6d9bb6bb6ad2,1768963605373,observe-vanilla-standard
f73b9c88-1ace-4eab-85f7-0ac2671e2537,1768966233911,observe-vanilla-standard
08778ad4-8e59-42b8-9686-3ffdbc9f1db5,1768969291785,2026-oss-v-glm-standard
761f46c1-dcc2-4c52-bf3a-30b77636b520,1768972031126,observe-vanilla-standard
ccdcbdf8-2fd9-4edf-a542-9697e953c388,1768972165367,2026-oss-v-glm-standard
73adfbe2-d542-4abd-a59b-25f16a13c91d,1768974314929,2026-oss-v-glm-standard
d24bb607-4862-46d7-9470-192b4054abea,1768974636447,2026-oss-v-glm-standard
352c31e8-b819-4659-99b0-c174c66bc621,1768981407805,observe-vanilla-standard
ee43c7be-1b02-4eb9-9e5b-0c6788cec984,1768984576880,observe-vanilla-standard
00a56d80-647b-405d-be7f-8e3ab71315ae,1768987308356,2026-oss-v-glm-standard
5f6c262b-ea7c-472e-91d1-633d9068dd4d,1768991189934,observe-vanilla-standard
f82cf85d-831c-41d0-ae43-25a7180a5900,1768999528367,2026-oss-v-glm-standard
65fe0589-9676-43ae-90d0-e025dfccd9b8,1769002805214,observe-vanilla-standard
0bbe403d-9203-4efd-af34-6b6ce76f7047,1769011456082,2026-oss-v-glm-standard
8f010dd6-b418-48b1-a467-b332d80df844,1769014180481,observe-vanilla-standard
ea5606bd-870d-4781-90bc-5041e1153b2d,1769022753218,observe-vanilla-standard
f6ea652e-01d2-426b-ac4e-6c70823aeeec,1769028929225,observe-vanilla-standard
f3438046-a251-41a4-ba84-e69ba71e455f,1769031081941,observe-vanilla-standard
aa72aba0-6acf-470b-bd34-9de9e177cb83,1769035918884,2026-oss-v-glm-standard
3058a097-9aa4-41e1-a44c-626940751db5,1769038912906,observe-vanilla-standard
f3050f15-fbc4-4f45-8c7e-eec3b16eebf3,1769039071537,observe-vanilla-standard
c73eaa57-689a-4a4c-a843-26ac3933f992,1769047195113,observe-vanilla-standard
172bf396-3cf9-4b50-ae32-ec9e00d38d10,1769058479616,observe-vanilla-standard
47f9bf39-444f-4bf0-8b06-dd0dcbb47f0c,1769062992016,observe-vanilla-standard
c1a2fe1a-429b-4809-8ddb-88186fb96d47,1769068807860,observe-vanilla-standard
f0f577d2-c6ef-44d6-8b55-76577621eb77,1769069260609,observe-vanilla-standard
ec1af0e5-75ec-4c14-8db3-06022f19904d,1769072382088,observe-vanilla-standard
47dea40c-d545-4427-b6a1-8b179aa1c34f,1769081235394,observe-vanilla-standard
5b507bc9-5f8b-40fc-b880-1a30b0e01459,1769085916135,observe-vanilla-standard
eb496c8d-09c7-4b1f-8592-f6a88bd35308,1769095371714,observe-vanilla-standard
567c5b26-a371-47b4-b68a-b5056c806696,1769095588321,observe-vanilla-standard
33d87e9b-025c-4b65-918a-d92d54135bb8,1769106107785,observe-vanilla-standard
572d277b-908e-48c0-bd71-d4159e5d12d0,1769109903059,observe-vanilla-standard
5c773a5d-201a-49b3-a6ab-cb806dbbfb84,1769112013521,observe-vanilla-standard
0f664830-5ced-4d63-8c20-b2e6281045c9,1769113622514,observe-vanilla-standard
fc26b6e9-ca25-48b8-9b01-f1b36067d1f1,1769115788015,observe-vanilla-standard
1532f98b-913c-4056-9811-49242e7308a3,1769122553422,2026-oss-v-glm-standard
2505986c-eee6-4a39-a6fd-dfc3420857a0,1769123186689,observe-vanilla-standard
773a8624-d575-43c4-ab6a-181f359e2079,1769133280880,observe-vanilla-standard
1e93863e-1227-4112-8ded-d378d9486a14,1769148239449,observe-vanilla-standard
4844e402-b372-4361-9941-22750e068cb4,1769150214473,2026-oss-v-glm-standard
eef2ae20-a82c-4dc5-ab2e-033509ebda02,1769151251697,observe-vanilla-standard
040d33a2-611c-4647-87f7-4ecd2e29af05,1769155664689,observe-vanilla-standard
4257af8d-6c1b-46f7-a80d-a8f800dcd7a3,1769160068287,observe-vanilla-standard
8ede1224-83a9-4e49-b144-3f1ce2ecbce4,1769161783196,2026-oss-v-glm-standard
5a31f2d2-e43b-4a0f-ba00-6d05dc2b5dd9,1769164672507,observe-vanilla-standard
e3775e4b-d997-4cf1-95d2-ffbfc2bb5aad,1769172120694,observe-vanilla-standard
c7d42fde-8450-483f-bd7b-fbada62423f8,1769172422175,2026-oss-v-glm-standard
2e57d9b5-b8db-4843-ba77-2ee3af590fa9,1769179019163,2026-oss-v-glm-standard
68a3ed66-306c-4e3c-bd30-c3810ce00442,1769183294720,observe-vanilla-standard
2b46df25-6b23-40b9-b188-dc39bb6cf5e1,1769190665242,observe-vanilla-standard
03d10d65-b748-46da-b551-1eb68c387ce4,1769191338487,2026-oss-v-glm-standard
af66d551-ad2d-4cac-846a-a42ccdfcbe9a,1769192084035,2026-oss-v-glm-standard
a588bf6c-50e4-4277-a82a-a05aeb83e598,1769194128645,2026-oss-v-glm-standard
a193639a-fa09-4017-bb3d-74cf939a8d6b,1769198179864,observe-vanilla-standard
f779b612-f9d1-40ed-adfc-1db6cb99da0b,1769199185319,2026-oss-v-glm-standard
8597845c-44f0-488e-8ae5-98b9ae405919,1769206630487,observe-vanilla-standard
05008dad-af92-4a02-9518-266c085ff39b,1769209156615,observe-vanilla-standard
0ef652ab-8997-4492-91e5-9345116fc9ba,1769209935052,observe-vanilla-standard
44e8f04e-52be-4f21-8246-8d3fad46dd94,1769211520905,2026-oss-v-glm-standard
b3dc9eb9-58fd-4aae-932e-efec285821a8,1769214325087,observe-vanilla-standard
eef5e2c3-7a17-44c3-bcb2-13a2bab55aec,1769215154853,observe-vanilla-standard
a81c08b6-1bb2-4834-a100-62bcc35e0735,1769221420843,observe-vanilla-standard
56d27117-8a05-43f1-9cb7-6ea08ade0ae7,1769226421692,observe-vanilla-standard
9c1b2cf2-2a39-4c09-9fa3-cf608c28af07,1769236107114,observe-vanilla-standard
59c494d8-45b9-4d81-9e2c-c6e5e6e53385,1769244430167,observe-vanilla-standard
92697492-58e6-4235-ad88-6a9a7fa2cf3e,1769247477535,observe-vanilla-standard
e7de20a4-1c9e-4bd1-8647-ab2b1921938e,1769257848701,observe-vanilla-standard
930ac54c-2ae8-40ff-97a3-c4d6352b4302,1769261326934,observe-vanilla-standard
92030577-3e2c-4c9b-898e-d90c4f92d560,1769262536194,observe-vanilla-standard
eb4223fa-26e4-469b-be2a-cdbef62edf33,1769267086359,observe-vanilla-standard
f8176a4f-d9d2-4256-b9a7-f1a9d3426456,1769273478784,observe-vanilla-standard
8ec93713-3313-48bc-9486-f20fe2647dc7,1769273708835,observe-vanilla-standard
9656bca4-5a1f-47cb-b157-009000cde136,1769275255853,observe-vanilla-standard
387c353c-168d-4075-aa85-6daac8995ee2,1769275740663,observe-vanilla-standard
0e60bd72-8f5d-4648-baff-714e86e50d06,1769278262411,observe-vanilla-standard
a2d248ee-e59f-49c0-bc04-e349709fb693,1769281413793,2026-oss-v-glm-standard
dbc2e17d-ac09-48c0-8bac-f3e9480f5bf9,1769284771234,observe-vanilla-standard
55b2aa57-d6a9-477f-a487-c2b3dc15f084,1769288854516,2026-oss-v-glm-standard
66c930af-b679-4905-a99d-8c3c2a42b842,1769294684198,2026-oss-v-glm-standard
e37ba13a-6085-4b8f-8f5d-5bd8072c528e,1769294714383,observe-vanilla-standard
b8bc63be-cd2f-41d7-a5a7-56dbeb4e9174,1769295661481,2026-oss-v-glm-standard
a3b70a2a-4b0d-48ef-baf4-93d5c4315503,1769298255446,observe-vanilla-standard
cb9b1eb4-8706-476f-86c3-c46a7536c10f,1769302319835,2026-oss-v-glm-standard
826d78cb-efd8-41e2-a6d3-1a377a1fe67d,1769304143061,2026-deepseek-v-kimi-v-glm-standard
687eb248-416e-4c72-9468-0a81f741c5f6,1769305018769,observe-vanilla-standard
e53b52fc-a009-44d2-9af2-6f531bd4d7de,1769306918910,observe-vanilla-standard
4372fed4-2bcb-4a70-88f9-75e380045652,1769310683273,2026-deepseek-v-kimi-v-glm-standard
d74fde75-3725-422a-b544-ce3f9eaa9620,1769312746081,observe-vanilla-standard
61fa9d4b-ffd2-45e5-b71d-42b2838d988f,1769312823056,2026-oss-v-glm-standard
40fd4efc-bf84-4d68-9a4a-1a06abb5fef8,1769313614648,observe-vanilla-standard
28bb3841-4a02-4e01-b11c-f67cf9ba7f54,1769326609496,observe-vanilla-standard
b7666338-59e6-4572-be10-27024eeef797,1769328710447,observe-vanilla-standard
230ddfd9-30e2-47ff-94d7-0f955a896238,1769334333100,observe-vanilla-standard
48fa2cac-5861-4770-9c8d-b4f0e2abcadb,1769345914377,observe-vanilla-standard
7531d244-b00d-4c00-a84c-d14a51f6c442,1769353593417,observe-vanilla-standard
d0fc60c6-97ae-4348-a4fc-ff7fcdd222ba,1769361416733,2026-deepseek-v-kimi-v-glm-standard
2c1d5030-8596-45ce-9f56-7a48f02eba0c,1769362017395,observe-vanilla-standard
877e72eb-14fe-4196-8ef1-4eccf35c1568,1769368574796,observe-vanilla-standard
b18199d5-5c14-4ac5-92f9-d8ab2188eee2,1769369870004,observe-vanilla-standard
73dac907-de11-4709-a8ee-ade7f5a3ec05,1769377725290,observe-vanilla-standard
75a48aa7-6cf0-4a29-9a02-6c5464f5d381,1769385375788,observe-vanilla-standard
54236839-687d-419e-b899-7748d8fb1e4b,1769394443915,observe-vanilla-standard
bc0ef039-f915-48fb-bd8c-0dba93c35c77,1769406078204,observe-vanilla-standard
eca0fe58-002e-4a43-8308-7c328b564254,1769412177031,2026-oss-v-glm-standard
3fadea6d-dcae-41d9-83eb-c4d9b5d9071e,1769414098670,2026-oss-v-glm-standard
f6a12ffc-a0aa-4cc9-9a91-3c78df585294,1769415240006,observe-vanilla-standard
c2d0482b-d24b-45f2-8850-e8878a3c5cc7,1769415856908,2026-deepseek-v-kimi-v-glm-standard
af314290-d26e-4281-85d3-ad9dd7dbcb00,1769421667211,2026-deepseek-v-kimi-v-glm-standard
febdfae7-6af1-4fac-9ade-f0f457627426,1769423761705,2026-oss-v-glm-standard
6b703e99-0785-4bd0-866a-5f1462a840b9,1769424838656,observe-vanilla-standard
e7c367b8-ed88-421b-bd37-d49763c1c437,1769433464753,observe-vanilla-standard
153cc292-5f13-487b-a6f0-830ee6b3ba4b,1769442121826,observe-vanilla-standard
933284a7-5def-4d27-9a4d-49ffb18a01d0,1769442771223,2026-oss-v-glm-standard
7b9bd904-970f-4d81-a567-c7d59cdb73fc,1769450585950,2026-oss-v-glm-standard
456ea9cc-d658-430c-abf2-5626e4fb39a4,1769451428409,observe-vanilla-standard
4fdbf965-f061-4442-aabf-83751c78ba40,1769457907812,2026-oss-v-glm-standard
bec842c6-c353-4204-9a96-20a3d153d7b2,1769459113879,observe-vanilla-standard
db589639-14c4-4057-a90d-9a83e1cd31cc,1769469919534,observe-vanilla-standard
8a7142a4-ce79-4d34-865e-a80bb8f92579,1769481132065,observe-vanilla-standard
44d20dd5-9784-48b7-a69c-b7b1ac0cdd8b,1769482473528,2026-deepseek-v-kimi-v-glm-standard
ace47abf-44c1-4b69-8ddc-224f1f2aa94a,1769489539982,observe-vanilla-standard
66e9730d-2c1b-465e-a2e7-a421fe31ba8d,1769499156840,observe-vanilla-standard
bce08adf-3176-4e48-843e-f402205642ea,1769506503677,2026-oss-v-glm-standard
2162dceb-5e77-4767-8a9c-1dd030a2eda1,1769507351592,observe-vanilla-standard
2ca1beee-475d-427b-b9ce-2cb279812a28,1769507525860,2026-oss-v-glm-standard
94182259-35c9-4ee0-a864-0cb0074a9d6d,1769512706988,2026-oss-v-glm-standard
3ee322d0-3fa2-4ee1-b0dc-f07ec3e6ff62,1769515983239,2026-deepseek-v-kimi-v-glm-standard
685bdb90-1f42-4885-99f1-b9488433db2a,1769516333244,observe-vanilla-standard
cb2ec292-4812-4795-bb98-da4b70aad48f,1769520312104,2026-deepseek-v-kimi-v-glm-standard
e769c3ee-7aa7-4594-b513-3e8d76e54898,1769528938578,observe-vanilla-standard
a7537614-d0fe-484b-8cc4-1aea3b909023,1769529520653,2026-oss-v-glm-standard
cb4338a0-7329-49ec-9a04-b10bbf275981,1769536663055,observe-vanilla-standard
8c4b96d6-6e9b-4b39-b3b5-a5cad31d56b9,1769540728749,2026-deepseek-v-kimi-v-glm-standard
0726ff69-1696-4928-996d-9d3979472b05,1769546049538,2026-oss-v-glm-standard
727ec3ac-4e6b-41ba-a51c-c76c6ce0a061,1769546737857,observe-vanilla-standard
cc2b8aec-72ce-4036-b027-967bbe904f2a,1769553753681,observe-vanilla-standard
2efb3d70-9812-4070-82d5-500d9311c7d1,1769564818306,observe-vanilla-standard
613734d4-ea31-4587-a3ec-a61c830b991c,1769573175679,2026-oss-v-glm-standard
b7fe514c-7f88-4312-8987-9dc9add6ea29,1769574579185,observe-vanilla-standard
1e039137-ec58-447a-ad0c-848a6ee78a95,1769584893262,observe-vanilla-standard
3fa9af4a-7ee9-485f-b5f9-3c7c6e4ee17b,1769589113379,2026-oss-v-glm-standard
7872a4fd-4f89-491b-b68e-1b6b17b9e445,1769596878869,observe-vanilla-standard
613a4c11-a6e1-45cd-8e0a-ed5f0e398d0d,1769605344634,observe-vanilla-standard
3495a5eb-613c-4582-a71b-647b5cc0721c,1769611334504,2026-deepseek-v-kimi-v-glm-standard
69c79edd-f0b5-42f1-917f-2c1097659fa0,1769613719890,observe-vanilla-standard
e6ca207f-3471-4a39-8702-6410e014e923,1769622743244,observe-vanilla-standard
e4668e6e-a4df-4681-a834-4786d5f7d5f9,1769624560846,2026-oss-v-glm-standard
1b586277-8580-428a-b2d6-9de53eb744f5,1769633443204,observe-vanilla-standard
37e18df0-716f-4d8c-8a41-b533330367ca,1769643704025,observe-vanilla-standard
c6817e9a-d305-43ee-9648-d15a7eca8009,1769656379313,observe-vanilla-standard
9e7869f7-fb63-4360-965d-f056d9d8db7d,1769657086532,2026-deepseek-v-kimi-v-oss-standard
085cfce3-75ee-4459-b7b0-c49c9a27f651,1769659114562,2026-deepseek-v-kimi-v-glm-standard
d0c4f84d-1c3c-435c-a58c-d5d4c0887326,1769660213962,2026-oss-v-glm-standard
a73433ab-14f5-4d8e-b23f-10b2c43eb8af,1769666603076,observe-vanilla-standard
12f05e11-947c-433c-9877-d2a67fe7be8f,1769669741139,2026-oss-v-glm-standard
a2254ec0-c4a7-4ccc-9261-1188291082d1,1769676345672,observe-vanilla-standard
16452b5e-6371-475b-b8da-ca3428d5eba9,1769677947619,2026-deepseek-v-kimi-v-oss-standard
6aee7271-80dc-484c-bf3d-a423ec4f46b9,1769687431259,observe-vanilla-standard
72a28a55-36fe-45f9-9820-5f81afaaec40,1769695481938,observe-vanilla-standard
ce4a0777-e5d3-410c-af3d-862bb8a9799c,1769706512385,observe-vanilla-standard
a9a1f41f-3241-4de7-b08b-64aa7a5ed417,1769716562173,observe-vanilla-standard
3f2afced-1cb3-47b9-8ded-ad1fb4020230,1769727765938,observe-vanilla-standard
a1a88a04-efe8-49a1-a139-59b0e0f4b257,1770176918067,2026-deepseek-v-kimi2-v-glm-standard
75bc53ed-94c8-405c-b602-3ea076926248,1770208363907,2026-deepseek-v-kimi2-v-glm-standard
601235cd-319e-42f3-889f-63e437e83170,1770218144761,2026-deepseek-v-kimi2-v-glm-standard
99f66db1-34a2-4021-a1b9-19d3d64d9f90,1770219578526,2026-deepseek-v-kimi2-v-glm-standard
6022534b-fdae-48af-a3b6-0e8d4708fb76,1770227633413,2026-deepseek-v-kimi2-v-glm-standard
8ee874c6-c6f4-4d10-993b-f12210719843,1770240440302,2026-deepseek-v-kimi2-v-glm-standard
68965af6-a208-4366-9146-8bea09933dc1,1770250832682,2026-deepseek-v-kimi2-v-glm-standard
a3d99a5a-ce0e-4cd8-a1f2-dd420e27cbd2,1770251220927,2026-deepseek-v-kimi2-v-glm-standard
625b341e-2097-419d-9044-579302f4ff05,1770304614246,2026-deepseek-v-kimi2-v-glm-standard
9dea9684-fe71-4a33-af5f-b2a4d1de0125,1770339426407,2026-deepseek-v-kimi2-v-glm-standard
cfc482b3-59ee-46cd-95a4-1d6c0f2a7c2d,1770448430423,2026-deepseek-v-kimi2-v-glm-standard
cb606e12-2ce4-4513-b0b1-e4e19f5ebb38,1770458311083,2026-deepseek-v-kimi2-v-glm-standard
e6a2f45e-fe71-4681-9903-34db358f50bc,1770462485391,2026-deepseek-v-kimi2-v-glm-standard
23df6f3d-c681-48bc-a405-ad7a6fe84d31,1770470265795,2026-deepseek-v-kimi2-v-glm-standard
1a23c0cc-9d4a-402d-8c3d-9fb1a12363d1,1770483269597,2026-deepseek-v-kimi2-v-glm-standard
d77c2a23-b6c8-464b-b8aa-9e5c7507cafd,1770501698128,2026-deepseek-v-kimi2-v-glm-standard
813319c3-a8fc-4401-9d53-1c1424badd4e,1770511414205,2026-deepseek-v-kimi2-v-glm-standard
1f088053-c79f-47f4-978d-65654bb542d2,1770515150737,2026-deepseek-v-kimi2-v-glm-standard
3ce38bd7-9a52-4cdc-bf5f-54465b174e62,1770529370555,observe-vanilla-standard
cec3f1ad-793b-49ac-b931-859d866ed042,1770540572143,observe-vanilla-standard
8a3ff81d-6bdd-4f13-931e-c1ce6b79dd97,1770541534558,2026-deepseek-v-kimi2-v-glm-standard
097c216f-e1a2-490c-a242-30daeabc7976,1770547469033,observe-vanilla-standard
9d869363-cdf7-477a-9dc4-9d7c4ad6743c,1770554578780,2026-deepseek-v-kimi2-v-glm-standard
133b7a2c-07e6-43dc-811e-6dc727b23ac9,1770558320698,observe-vanilla-standard
19e9a352-0c99-4d14-b483-418a755f60d1,1770569152414,observe-vanilla-standard
99381eb1-0366-4633-bd4f-3cd01e5a6377,1770579370114,observe-vanilla-standard
7ce5f8bf-1766-486c-bff1-1c3e8e40ce26,1770589817104,observe-vanilla-standard
edd9206f-7086-4127-a4a4-6c42458fe92f,1770601796429,observe-vanilla-standard
e79e22f9-10ba-4d06-b192-c884735e5069,1770630838126,2026-deepseek-v-kimi2-v-glm-standard
212e1c82-d616-4e40-abff-2b4a430572cd,1770667427233,observe-vanilla-standard
ddeeb680-a959-4fde-a531-95d9690bed54,1770675669540,observe-vanilla-standard
24a6d11e-e5f4-4156-ace2-e7e47138f117,1770688100452,observe-vanilla-standard
252661e3-593d-4eab-84bd-93ccdcbda525,1770694278024,2026-deepseek-v-kimi2-v-glm-standard
1a0fb335-2ba2-498f-92a2-279d12168b5d,1770699950532,2026-deepseek-v-kimi2-v-glm-standard
f952a447-ab21-4e81-82c1-3991670dc636,1770700060751,2026-deepseek-v-kimi2-v-glm-standard
afd24aac-64e6-4d03-a283-f7bdd34868c7,1770700471494,observe-vanilla-standard
daec44aa-3f3e-48f8-87b0-5bb97a6bfa76,1770707314218,observe-vanilla-standard
87da240a-4d1f-49d4-a01a-ad8be42c564c,1770707364317,2026-deepseek-v-kimi2-v-glm-standard
35b2802e-3e45-4c5f-bdfd-65d8482e7241,1770718387502,observe-vanilla-standard
19c885a5-bee0-436c-9a0c-54af4dee1706,1770727366664,observe-vanilla-standard
18de2767-22a7-40e8-a33c-e998aedffbf4,1770735283029,observe-vanilla-standard
111d281e-8eb2-4db5-bc99-5bc53e0bdcc3,1770739431292,2026-deepseek-v-kimi2-v-glm-standard
fedf3110-43d4-4460-ba31-5083ca30c33f,1770742813110,observe-vanilla-standard
cee174b5-7f70-4cae-83e2-a077e4d8bdc5,1770750594807,2026-deepseek-v-kimi2-v-glm-standard
fdf30949-ba46-4d43-9906-fffaca09ba44,1770753848483,observe-vanilla-standard
16f027b7-0edd-44b6-a4e3-05e9e0c4ba16,1770761170362,2026-deepseek-v-kimi2-v-glm-standard
68f48d58-fe89-443a-ab4a-223f4945633c,1770763998064,2026-deepseek-v-kimi2-v-glm-standard
af7fe01a-d4e8-44c7-9866-226c4f2afe32,1770764555511,observe-vanilla-standard
7f219acb-6c23-49dc-bde1-fa1602646bf5,1770773277106,2026-deepseek-v-kimi2-v-glm-standard
80d08eb3-2147-49c2-b4ae-00ecf5ec301d,1770773711888,observe-vanilla-standard
c12ee2e2-205b-4c98-8649-ceedb2e11ed7,1770788918833,2026-deepseek-v-kimi2-v-glm-standard
7f3728f6-82fb-4526-acf9-5c056f49b46f,1770864622665,2026-deepseek-v-kimi2-v-glm-standard
9a77ddda-6c37-4d79-9860-48be4d467fbc,1770866255744,2026-deepseek-v-kimi2-v-glm-standard
0fb9fca8-e594-458f-8c0e-d11e0d25513e,1770881660792,2026-deepseek-v-kimi2-v-glm-standard
3af95fa7-f3e3-43f8-82cf-4e84b02a3bd2,1770899886370,2026-deepseek-v-kimi2-v-glm-standard
5b395417-927b-48af-a14f-d2a1d95c7687,1770925337656,2026-deepseek-v-kimi2-v-glm-standard
93979b7e-ce26-425f-ad5c-7b305109aa86,1770926357598,2026-deepseek-v-kimi2-v-glm-standard
0d4b0b9a-7e10-443f-94ec-c4a7c523deb5,1770942952324,2026-deepseek-v-kimi2-v-glm-standard
ce5e34a2-7119-4abd-9397-7b1e027489e8,1770955162207,2026-deepseek-v-kimi2-v-glm-standard
cdf4fa0d-30bc-4495-b850-4aadd337d417,1770959543226,2026-deepseek-v-kimi2-v-glm-standard
d65c2a65-2220-4793-9d05-21385e3c208a,1770969191661,2026-deepseek-v-kimi2-v-glm-standard
9e593c2c-f312-4973-983c-ae3f46a274d2,1771019599122,2026-deepseek-v-kimi2-v-glm-standard
f792c34d-81b0-4a8c-aa4b-9910593f8b42,1771027354505,2026-deepseek-v-kimi2-v-glm-standard
5a738af7-8523-492e-b0b1-da3aeb0af7f1,1771059885824,2026-deepseek-v-kimi2-v-glm-standard
32c8959d-e839-425e-80c0-8ab65d8cc9e4,1771066652580,2026-deepseek-v-kimi2-v-glm-standard
aca53ee1-7e5f-4565-98b5-86e6f484e734,1771096352550,2026-deepseek-v-kimi2-v-glm-standard
f49a31d9-6a4f-4409-9eb5-2018e204a760,1771114265001,2026-deepseek-v-kimi2-v-glm-standard
a102122f-ee5a-45c9-8de1-980ad31b4e78,1771123273693,2026-deepseek-v-kimi2-v-glm-standard
08b14f7d-5a12-42fc-baa4-7793c0418bdf,1771127770656,2026-deepseek-v-kimi2-v-glm-standard
d68c4450-41f8-49e0-b467-7e40833e56de,1771133550148,2026-deepseek-v-kimi2-v-glm-standard
aad1f900-b180-42f8-bd03-c687899d88c3,1771141494375,2026-deepseek-v-kimi2-v-glm-standard
9e9f58ee-94e7-4261-854d-09c3ed5dc9f0,1771156746781,observe-vanilla-standard
240f4eef-d467-4371-bb24-88ed34030a90,1771168668323,observe-vanilla-standard
11e6d927-99b3-4273-8e7e-9f839a07c42b,1771178396261,observe-vanilla-standard
3addd541-f1f8-4387-aaa9-cf13da3c4814,1771196119229,2026-deepseek-v-kimi2-v-glm-standard
71555f5e-9d7f-49f6-94e5-486c903cb6de,1771214355997,2026-deepseek-v-kimi2-v-glm-standard
c0c53339-c0a6-4ae3-bb95-46565379bab4,1771218658685,2026-deepseek-v-kimi2-v-glm-standard
90ab28bb-debb-4b64-b948-c47c35165135,1771230562009,2026-deepseek-v-kimi2-v-glm-standard
f22946c0-1002-4f5c-bc8b-d71219e39044,1771245865203,2026-deepseek-v-kimi2-v-glm-standard
a38e673d-d35c-4261-90e3-f47fbcba97c0,1771270483102,2026-deepseek-v-kimi2-v-glm-standard
f5fb7d97-5e55-467b-a205-43380aaea11a,1771363910345,2026-deepseek-v-kimi2-v-glm-standard
cd8609f2-2bc8-4282-bd2e-5d2b0c50adf3,1771476005778,2026-deepseek-v-kimi2-v-glm-standard
f58d4ebd-1a92-494e-8b61-cdf51d4e4128,1771586596398,2026-deepseek-v-kimi2-v-glm-standard
b9d51583-0581-49b1-a256-9d2121c8ff9b,1771588247361,2026-deepseek-v-kimi2-v-glm-standard
0e3af7fa-2ef1-4bc6-9f71-4d1e0e9ea065,1771596926504,2026-deepseek-v-kimi2-v-glm-standard
bba2aaae-411c-4e5c-9ab1-d4543c806a82,1771604628104,2026-deepseek-v-kimi2-v-glm-standard
d03e3c51-ddaa-43f8-8791-464937d26008,1771612652509,2026-deepseek-v-kimi2-v-glm-standard
e00490b9-d589-4fe7-b007-b1e66359243b,1771630291722,2026-deepseek-v-kimi2-v-glm-standard
b02e92d6-ae29-4240-ad3b-1b2750619753,1771630419114,2026-deepseek-v-kimi2-v-glm-standard
9ef699ba-073d-49a4-b476-3cb63dede245,1771632644547,2026-deepseek-v-kimi2-v-glm-standard
e1d12d86-be60-4f60-a0b9-5c9ba0ee1a1d,1771637825352,2026-oss-v-minimax-standard
519e09dd-d268-4364-a113-4ffde99d7742,1771637845039,2026-deepseek-v-kimi2-v-glm-standard
c535a2d4-e144-4304-a7bf-b7e6630f0b6d,1771637869681,2026-deepseek-v-kimi2-v-glm-standard
8144e384-227c-4376-a48b-8675c9caab80,1771643035927,2026-deepseek-v-kimi2-v-glm-standard
c189acc7-6414-4fbd-87be-33fd16602cd9,1771645433836,2026-deepseek-v-kimi2-v-glm-standard
68d21dcc-f317-4c0a-83f9-7e294897b0e3,1771668847753,2026-oss-v-minimax-standard
30439658-154d-4012-b749-e22dd52934e9,1771678458919,2026-oss-v-minimax-standard
5a1ef739-4984-4389-a27b-3afa30db9d2d,1771770046312,2026-oss-v-minimax-standard
9cb3f2be-a05c-41aa-86a7-a17e40e089d2,1771774284676,2026-deepseek-v-kimi2-v-glm-standard
f342b09f-42db-44e7-bbe0-e73a6d67210d,1771805919307,2026-deepseek-v-kimi2-v-minimax-standard
de3005b5-f445-4052-b045-a2bcf0ea28dc,1771818357777,2026-oss-v-minimax-standard
16432e57-ee0f-416a-96db-3694cc616f01,1771820497521,2026-deepseek-v-kimi2-v-glm-standard
8d4493a7-4271-417f-b9f8-db16f03e1546,1771821892119,2026-deepseek-v-kimi2-v-glm-standard
1b513ce2-dce4-4275-8d86-3f4b97fc61b1,1771825870656,2026-deepseek-v-kimi2-v-glm-standard
a83b5a40-9af3-4e4d-9c16-245aae599875,1771857759195,2026-deepseek-v-kimi2-v-glm-standard
9b64a3de-eb77-43d9-8853-6a1fd0d25035,1771882525428,2026-deepseek-v-kimi2-v-glm-standard
b895014b-e6f4-4d99-8674-98bd2396dae3,1771896489103,2026-deepseek-v-kimi2-v-glm-standard
67e5a867-cf05-4f7f-b55e-ff54940ad8ac,1771916869459,2026-deepseek-v-kimi2-v-glm-standard
52dcb454-ba1c-4fca-884e-96ab1d4ff6f9,1771920999518,2026-deepseek-v-kimi2-v-glm-standard
1dfd45a6-78ae-45ca-bf58-f300407a5659,1771965207697,2026-deepseek-v-kimi2-v-glm-standard
24a83377-a03a-4bd1-86f6-4e4815c9c9a3,1771998005917,2026-oss-v-minimax-standard
9e56afdd-4a0b-4034-9708-1f2e4109b599,1772001010812,2026-oss-v-minimax-standard
2679d722-7305-44f8-94b0-41cd4f54738a,1772019403516,2026-oss-v-minimax-standard
783dca14-6473-419f-827c-32c6a219cb3e,1772027853115,2026-deepseek-v-kimi2-v-minimax-standard
211a47f2-d31f-4f52-a403-25ab828f6b6c,1772031908718,2026-oss-v-minimax-standard
2ca6033b-08c1-47d1-8afd-370abd979ccc,1772055064428,2026-deepseek-v-kimi2-v-minimax-standard
f187b7c1-115b-42df-b4a6-22a336c50169,1772083846021,2026-oss-v-minimax-standard
409f490c-530f-4efd-83c2-88e22e20c132,1772089613679,2026-oss-v-minimax-standard
7d9fe75c-0d5a-48db-a0ad-fc313586dc5d,1772119303307,2026-deepseek-v-kimi2-v-minimax-standard
05b70ac0-d210-4b26-a219-0dc84413c7d8,1772134141463,2026-deepseek-v-kimi2-v-minimax-standard
a64825f5-bb4a-4bd6-aadb-8a5077421ff4,1772141802592,2026-deepseek-v-kimi2-v-minimax-standard
39171ec6-f78c-4116-95e7-b2871171abaa,1772147916771,2026-deepseek-v-kimi2-v-minimax-standard
0ffd891b-5b41-488d-8150-69ae43f8e601,1772150309672,2026-deepseek-v-kimi2-v-minimax-standard
ae2558d9-a8fa-4670-8770-8e7aded68995,1772176416749,2026-deepseek-v-kimi2-v-glm-standard
7c9937de-00e1-4b1d-a6cf-090819efe1a8,1772231705524,2026-deepseek-v-kimi2-v-minimax-standard
958209ab-d965-42bb-88c8-5662f46d8501,1772256762344,2026-deepseek-v-kimi2-v-minimax-standard
e3a8e563-966a-44a6-8aa5-511190187f90,1772299887477,2026-deepseek-v-kimi2-v-minimax-standard
4bd5639a-96d9-4ce2-b0cd-5c57d9d94c39,1772328988593,2026-deepseek-v-kimi2-v-minimax-standard
dac3ed8c-f746-4d4b-a059-afd967efb51a,1772335830422,2026-deepseek-v-kimi2-v-minimax-standard
7a626321-ea83-49c4-bb23-15ad685ffa63,1772359646600,2026-deepseek-v-kimi2-v-minimax-standard
5cde1310-aa75-48e4-920b-a14a3bc906ae,1772368682136,2026-oss-v-kimi2-v-minimax-standard
cb05e573-89f4-4ec2-902e-1911e797cc12,1772385872057,2026-deepseek-v-kimi2-v-minimax-standard
8c1b93b7-317c-4849-b8b5-07fe5a266efd,1772396561043,2026-oss-v-kimi2-v-minimax-standard
134c95fd-34af-4d68-ad2c-9ac3ca29c9ad,1772400683998,2026-oss-v-kimi2-v-minimax-standard
9cd73dc9-b920-4232-81d0-807ccc12e005,1772423197739,2026-deepseek-v-kimi2-v-minimax-standard
5d20ec20-d3e9-4479-9a3e-2eea8020394d,1772453277897,2026-deepseek-v-kimi2-v-minimax-standard
7f542eda-1718-4c1e-a28e-775a77dfb181,1772465722773,2026-glm-v-kimi2-v-minimax-standard
7353721c-813e-4bab-8c32-23b1ace716e4,1772479607140,2026-glm-v-kimi2-v-minimax-standard
7ab8de71-e8cc-48ce-93bb-14004d3a6ca6,1772496440866,2026-glm-v-kimi2-v-minimax-standard
19cf58f0-c540-4a4b-a894-d395a114144a,1772498958053,2026-glm-v-kimi2-v-minimax-standard
8709a18b-097b-46d2-9366-6fd5e3f91a26,1772518675698,2026-oss-v-qwen-v-minimax-standard
07dcd5bf-390f-4e85-a716-b3ced97f5373,1772540499133,2026-deepseek-v-kimi2-v-minimax-standard
e69b0030-494e-44a7-9180-2f30ede114fa,1772557964109,2026-oss-v-qwen-v-minimax-standard
8ef30fef-d7ad-4c9f-bb49-c9f3c43fcf47,1772558840295,2026-oss-v-qwen-v-minimax-standard
b24d37ee-16aa-4fcf-b43d-72e129c1a1e3,1772559253756,2026-deepseek-v-kimi2-v-minimax-standard
bf335c2d-64e4-443d-bb5f-084eef9ca4e6,1772569215780,2026-deepseek-v-kimi2-v-minimax-standard
75838dd9-0de5-45b4-bac6-cce37a25ac3b,1772580672448,2026-oss-v-qwen-v-minimax-standard
5db15350-97f1-4407-9da8-527ab4194ed5,1772589071991,2026-oss-v-qwen-v-minimax-standard
d68b74b4-cda5-42c8-b0d4-a23b2be27c59,1772609079973,2026-oss-v-kimi2-v-minimax-standard
9a957ab0-0db2-4971-8c3b-320736031605,1772645391923,2026-oss-v-qwen-v-minimax-standard
8025623e-8dee-4e53-b62b-229b24e9938a,1772652423781,2026-glm-v-kimi2-v-minimax-standard
85b5c704-7113-4373-a4eb-7f9f516ce108,1772668549420,2026-glm-v-kimi2-v-minimax-standard
9a34f83c-cdcf-43c1-8ad9-4de4ec6e862d,1772683486390,2026-oss-v-qwen-v-minimax-standard
c7ae09c3-54fb-4340-a061-8326c0489842,1772690966476,2026-qwen-v-kimi2-v-minimax-standard
becd6c85-8f07-43a4-9821-2b108127bba2,1772703460065,2026-qwen-v-kimi2-v-minimax-standard
7d6e4d21-358d-4859-b4d3-04a43a4bb1d5,1772710264955,2026-oss-v-qwen-v-minimax-standard
53c23993-de87-425e-be5a-2bf13e918dd8,1772724322313,2026-oss-v-qwen-v-minimax-standard
4c674dc4-e645-476a-b0a2-8863922567a0,1772728506929,2026-oss-v-qwen-v-minimax-standard
07413546-a14a-4cc3-a018-7a9b0e7f2d9a,1772758297483,2026-oss-v-qwen-v-minimax-standard
261451bb-e006-45fc-b00b-f5c113ed4303,1772834216656,2026-oss-v-qwen-v-minimax-standard
798b96e3-886a-45ea-9bab-9cabcb1f2549,1772836450340,2026-qwen-v-kimi2-v-minimax-standard
fa9a3237-883d-4b63-b21c-17e4efe852b7,1772840073483,2026-qwen-v-kimi2-v-minimax-standard
c0979142-7f37-4e30-a15a-96ea01130893,1772854510762,2026-qwen-v-kimi2-v-minimax-standard
d0000f18-8861-4af9-9341-c98e975a8133,1772864049103,2026-oss-v-qwen-v-minimax-standard
e42f58f7-1795-4083-b9ef-808947f3792a,1772871638648,2026-oss-v-qwen-v-minimax-standard
ec94255e-e50a-4cc0-b6f3-fb93fb32a83c,1772877836428,2026-oss-v-qwen-v-minimax-standard
5e8ce9ca-2124-4027-b27f-72dae57b0977,1772880340480,2026-oss-v-qwen-v-minimax-standard
ffa9157c-b2a0-458e-a270-6d1f5fa33d9d,1772880518061,2026-oss-v-kimi2-v-minimax-standard
129930ae-354e-4f86-9bc7-44a386cb22eb,1772883294819,2026-oss-v-qwen-v-minimax-standard
47863975-00de-4ec2-8d77-aa976567f892,1772896150293,2026-qwen-v-kimi2-v-minimax-standard
e897d5a0-6703-46ec-bb95-ee26495c9cd2,1772916154992,2026-qwen-v-kimi2-v-minimax-standard
6972ef12-1324-4fee-b69e-647b2c6f87c0,1772942480845,2026-oss-v-qwen-v-minimax-standard
ba526bae-b904-46f6-b24c-659ee96334dd,1773009503794,2026-oss-v-qwen-v-minimax-standard
58eb3928-3cc6-4c1e-9b74-9580eae2b441,1773031155583,2026-oss-v-qwen-v-minimax-standard
9e832844-b9a2-479a-836c-d862a2ff0c76,1773037104895,2026-qwen-v-kimi2-v-minimax-standard
c4e82cb7-40ec-41c9-aa50-f92576767d6d,1773047301168,2026-qwen-v-kimi2-v-minimax-standard
c459680a-9947-42c8-a3f0-4164859f945b,1773060417092,2026-oss-v-qwen-v-minimax-standard
92aa87b0-4a0d-40ff-93b4-1d7bc4e0f244,1773070136149,2026-oss-v-qwen-v-minimax-standard
ec28709a-5390-4849-a05d-ca8e90449fe4,1773077631662,2026-qwen-v-kimi2-v-minimax-standard
fd1013b7-0f58-4a46-b41e-44a9fb2db69a,1773078919999,2026-oss-v-kimi2-v-minimax-standard
1850d8ae-907b-408e-8e3b-4c0aab1f581c,1773083563662,2026-oss-v-qwen-v-minimax-standard
e2d1528e-3a5d-4ab1-8f8c-7330f809eb09,1773096467013,2026-qwen-v-kimi2-v-minimax-standard
35809042-672b-4143-ad87-438d91531381,1773105602712,2026-oss-v-qwen-v-minimax-standard
